real,predict,text,pred_error
1,1,bought furniture from M-59 store headboard broke before it could get off the truck told replacement between 3-11 now being told tomorrow 62 years old sleeping on the floor Art Van the next time,0
1,1,"I called Gettington on Monday October 18, 2016 and spoke to Steffy to advise my package is being delivered to the wrong address. She told me she would put in a request to reroute the package. The package was not rerouted and was delivered to my old address. I told her that I contacted UPS and they said Gettington could change the delivery address and she did nothing. I have been a customer for years and I will never order anything else from your company. I was told a supervisor would call me and that didn't happen either. You have lost a customer and I will tell everyone I know how I was treated with your company.",0
1,1,horrible customer service. my transaction was cancelled because the shipping and billing address was different. i am moving why would my billing address be the same at that time. used my roomplace charge and the pending charge for an order you cancelled has not dropped off and now i am waiting for days in order to reorder. horrible business,0
1,1,The sale guy come to my house and told me he giving me 30 free try for the system just call him to cancel it‚Äôs that easy yeah right before 30 days up I called him multiple time never answer his phone or answer his message called customer servers to cancel with them they saying that I didn‚Äôt have the 30 free try and tried to get in contact with the salesman but that man never get back to them either and now they saying I‚Äôm stuck with them for 5 years just the door bell and the garage camera 87$ a months is ridiculous so this is completely a scam ,0
1,1,Issues placing order on web site. Awesome store. Terrible web experience,0
1,1,It's bad business to list sale items you don't have readily in stock. To have to wait for weeks is really unacceptable. NFM needs to quickly turn around a growing negative perception regarding timely delivery of goods. Perhaps they have opened too soon post pandemic. GET IT TOGETHER!,0
1,1,"ADVERTISING 7 DAY EXPRESS DELIVERY 
3 WEEKS STILL NO SOFA ",0
1,1,Please add me to the list to sue.....The closed my account after a year and some months... my credit went down alot because of the amount I had with them..... I paid faithfully every month.,0
1,1,Your customer service reps are so rude & they don't speak English!!! I don't know if I'll continue to do business with this company.,0
1,1,This company will lie it's way into your home and promise you the world that they cannot deliver.  The equipment doesn't work more than half of the time. Do not let the sales people even talk to you. I promise you will regret any type of agreement you reach with these scum bags.,0
1,2,You offer free shipping with a promo code on orders over $100. I used this code on a $400 + order and still had to pay shipping!! Good come on but bad business!!!!,1
1,2,"I hope I can change this rating when I see my plants - and the issue I have is not with Bluestone but rather with the shipping.  My plants left Bluestone on May 2.  It is now May 9th, and the plants are still 150 miles from my house.  They have been stuck in the USPS system for a week now.  I can't imagine what they will look like when they finally get to me.  I know USPS would like to blame the coronavirus for this very slow service, but other items that are deemed nonessential get to me in just a couple days so I don't understand why my poor plants have had to stay in USPS custody for so long.  I live about 6 hours from Bluestone...it should not take over a week for the product to get to me.",1
1,2,"Cameras don‚Äôt come out of night mode unless you toggle them. 
They bombard you with notifications, emails etc wanting you to refer people.
And their equipment is RIDICULOUSLY OVERPRICED. Like double the cost of what comparable products are. ",1
1,2,"Shipping is ridiculous! But you can get free shipping codes. The thing that is highly irritating to me is that just because I didn't make a purchase for a few months, during a pandemic I might add, they closed my account and reported it to all 3 credit bureaus that ""account closed at credit grantor request"" so the credit bureaus take that as it being closed for non payment and put it as a derogatory mark on my credit. I called Gettington to see if they would please report a different reason since the account was paid off months before they closed it and to find out why they closed it without notification to me before hand. The woman told me they close all accounts that go more than 3 months with no purchase history and that I should have bought something and there is nothing they can do about how it is reported to the credit. I will never do business with this company or any other company that is sponsored by WebBank......I'm fixing to close my Fingerhut account now!!",1
1,2,I hate furniture shopping and it's hella expensive for no reason.,1
1,2,"Please please please exercise caution when you buy furniture from DFS. 
Please become familiar with the negative reviews before you proceed with your purchase. 
We purchased a suite from them and the bottom of the cuddler was ripped. 
It was faulty on delivery. Steve visited our home to repair it. He was great and replaced the ripped felt. 
Then the settee started making loud creaking noises everytime you moved on it. DFS don‚Äôt recognise this as a fault. But they sent Steve yet again to repair it. 
When I spoke to DFS Brigg there was nothing wrong with the sofa,a total lie. 
Now we have noticed that there is padding on top of the springs on one side of the sofa. 
Nothing on the other side. 
Numerous phone calls to DFS Brigg. 
We found that they are very careless with the truth. 

Asked the ombudsman to intervene. 
Just heard that they will do nothing as DFS have apparently fulfilled their obligations and repaired the suite. 
In our opinion this is partially correct as
there remains a problem with the sofa. 
Apparently (according to DFS) our furniture was manufactured using staples and glue to fit the frame together. Obviously something had come apart. 
As the repair was to drill and screw parts of the frame together in an attempt to fix the excessive movement which was causing the creaking noises. 

From our point of view the settee should have been replaced.
We bought a new suite. 
We didn‚Äôt buy a suite with a  settee that has been modified with holes drilled in it, and screws fitted in it.  All of this just emphasises that the settee was faulty and not fit for purpose. 

In addition. We were told that the settee was too long to be without additional support in the middle. 
So another repair was to install two extra feet front and back at mid length. Another case for the settee being not fit for purpose. 

We now have to decide if we want to take legal action against DFS as the ombudsman is not prepared to hold DFS accountable. 

What should have been a pleasant experience, has now become the worst experience  we have ever had purchasing furniture.

Purchase order is 02ZNK5211
Thank you for your rapid response Lorraine. 
I contacted the number you provided and had a very nice conversation with a pleasant and professional employee at your Glasgow office.
Will update on here in due course. 

04/09/24. Spoke to Dean and had a respectful conversation. DFS will not refund or replace. Repair man visiting on 12/09/24. This settee will not last. Not even a year old and the Springs already starting to wear through the seating cover. Hardly any padding on top of the springs. 
In comparison we had our last settees for 20 years. They were still in very good condition, and a friend of the family asked for them. 
12/09/24
Dean attended today. Not the same Dean as above. Additional padding (on top of the springs) and felt has been ordered for the settee. 
This will be installed at our home when it arrives. Expected delivery in 6 weeks time or less. 
So following yet another repair, if we are still unhappy we will have to go to the small claims court. 
23/09/24. Had a really pleasant conversation with Hailey. DFS attending on 4/10/24 to replace the padding and felt on the sofa.
4/10/24 Gavin arrived and replaced the top and bottom felt. Great guy and really professional. The top felt was laid on top of the old felt to provide additional cushioning against the springs. No additional foam padding was fitted. This is the first time we have been able to look inside the settee. There isn‚Äôt much foam padding on top of the springs. Poor quality wood/chipboard frame.  Thank goodness it has a 15 year warranty. I honestly cannot believe it will last 15 years. We will see. 
DFS Brigg management should learn some customer care skills from their repair personnel. ",1
1,2,Wasn‚Äôt installed 24 hrs. And front driveway camera was off line. Called support and was on the phone for over an hour running all kind of tests including unplugging and plugging back in. Then getting a ladder to climb up to try and reset it.  Not happen at all . We 78 and 79 years old we do not need ro be climbing up on ladders,1
1,2,"My friend and I were browsing. My friend purchased a patio set and the egg swing.  I decided to also purchased the egg swing but I didn‚Äôt want to apply for the credit card, so the sales rep said ‚Äúwe have a program with zero percent apr for the first 3 months‚Äù so I said ok that sounds good, I applied and was approved then she said ‚Äúyou just have to put a down payment‚Äù I said that‚Äôs fine. We went to the front counter, my debit card was charged what I thought she said was the down payment. About a week after I saw the same item cheaper on their website, we came back for price adjustment, unfortunately the ladies up front seemed as if they did not know what they were doing, but finally they finished. Just a few days ago they deducted my second payment, I asked what was my payoff amount to make sure I‚Äôll have the money before the 3 months, but noticed my first payment was not deducted, so here‚Äôs where I find out this company is a leasing company and that first charge was not a ‚Äúdown payment‚Äù like the sales rep told me, it was the processing fee for using this program. I was upset because the sales rep did not say there was any fees, she said my first charge was a down payment. I‚Äôve bought from Klarna, zero apr for the first 3 months no additional fees, so that‚Äôs why I trusted what the sales rep had said. Only because our furniture is too heave we don‚Äôt return it and buy somewhere else, but I definitely will NOT recommend them. I know people looking for furniture but how can I recommend a place that I feel lied to me just to get the sale. Very very disappointed, won‚Äôt be going to this store ever again. üòå",1
1,2,I was to receive a free vivint sign and have not received it yet and that was over a month ago.,1
1,2,I had to make many many phone calls back and forth between RTG and the financing company to get this ordered.,1
1,3,So many issues with Vivint to list. Not going to waste any of my time explaining. Just make note I would highly recommend anyone else but Vivint!,2
1,3,Cuz you made me take this review,2
1,3,My coupon code for a purchase over $99 was not usable on my purchase with no explaination why,2
1,3,"I originally bought the theater recliner I always wanted. Had setup to be delivered that following Saturday to my new apartment. Didn't see a sofa that would fit in my little space and wasn't really sure what look I wanted to go for. A friend referred me to Ashley's after I told her I went to Rooms to go. So the next day I went and found a sofa and had that setup to be delivered that same following Saturday. I WAS SO EXCITED,  ESPECIALLY because I DIDN'T HAVE ANY SITTING FURNITURE YET OTHER THAN MY BED IN THE BEDROOM WHERE I WAS WAITING SINCE 6:30AM... Sometime around idk 9am I get a message ""Rooms to go driver trying to deliver. I'm like to myself, Okay well I'm here, direct line of sight to door, tv was on but not loud at all since it was still early. So guy must of knocked like a mouse and didn't even bother to call, text, knock again, try a little louder! Make your delivery. Think MCFLY! Someone ORDERED, BOUGHT, PAID FOR, AND SETUP A SOFA TO BE DELIVERED! THE JERK OBVIOUSLY DIDN'T WANT TO MAKE THE DELIVERY. INSTEAD HE WASTED MY TIME AND MONEY ""TIME IS MONEY"" HE WASTED THE COMPANY'S GAS, HE WOULD HAVE HAD TO MAKE ANOTHER ""ATTEMPT"" TO DELIVER AGAIN WASTING MORE OF THE COMPANY'S GAS; OH AND TIME AND MONEY BECAUSE ROOMS TO GO PAID HIM TO FAIL THE FIRST DELIVERY ""ATTEMPT"" AND AGAIN WOULD HAVE TO PAY HIM TO MAKE ANOTHER ""ATTEMPT"". HE DOESN'T CARE. HE JUST BURNS GAS ALL DAY EVERYDAY ON SOMEONE ELSE'S DOLLAR AND ON TOP OF ALL THAT I BET THE COMPANY'S CEO 51% SHARES THE DRIVER HAS THE NERVE TO BE RUDE TO EVERY CUSTOMER HE DELIVERS TO AND HAS TO SETUP FOR THEM LIKE ME. I READ THE REVIEWS, BUT I gave y'all a chance anyway and y'all proved all those negative reviews right.
So I canceled my order and now to make things worse, Now I have to wait two weeks for my refund. This is the kind of thing that makes people go CRAZY INSANE.
I found this one picture I'm ordering online and says UPS will deliver. I'd rather deal with those jerks than your delivery jerseys.
Thats it Rooms to go, I'm a returning customer from over ten years ago, my Family and I. But now it's time to part ways as I buy this last piece of decor from you; a small fraction of what I was willing and did just spend on a complete 3 piece sofa set at Ashley's.
Could of been your business but never again.",2
1,3,nothing but a middleman,2
1,3,I just purchased 2 appliances online. When checking out I chose the $49 next day delivery option for the dishwasher.  It also wanted an additional $49 for the ice maker to be delivered the next day too.  Why is there two separate delivery charges if they are purchased together and going to the same address?,2
1,3,The doorbell camera always fails when on deter mode. The driveway camera doesn't record far enough like the ring cameras do. Can't wait to drop vivint. ,2
1,3,delivery charge is very high compare with other stors,2
1,3,The first thing is that I ordered my furniture in February and just received it yesterday but not really because instead of my sofa wit loveseat that I purchased I got a sofa and chair,2
1,3,Billing was frustrating,2
1,4,The plants arrived in excellent condition and are very healthy specimens.,3
1,4,You guys are the best you done a great job I say a big weldone,3
1,4,How's it going,3
1,4,Thank you. Very helpful.,3
1,4,Take your time and just look at their website. I've bought everything from coffee makers to perfume. I've loved and enjoyed everything. Shopping now for Christmas.,3
1,4,"Very helpful and polite service 
Looking forward to having my
Funiture 
Thank you 
Alan Lovell ",3
1,4,I had lovely experience purching the sofa Moiz was very helpful n gave us good advice ,3
1,4,Plants a are doing great,3
1,4,Online shopping made easy!,3
1,4,"Five of my six plants were dry and dead.
However Bluestone refunded my money without a question.

I have never had a bad experience before with Bluestone,
excellent customer service.  They even put their phone number on the invoice, easy to find.

Their plant selection is great and I will probably order from them again.",3
1,5,Great store and great people serving ,4
1,5,everything was great.  Mercedes was so very helpful.  Thank you for a great shopping experience.  ,4
1,5,"I love NFM, whether shopping in the store or online, the process is always enjoyable.",4
1,5,Heathy plants and bulbs. Very prompt shipment.   I am never disappointed  with Bluestone.  I buy every year.,4
1,5,Awesome service and dependable products,4
1,5,I am very please with your plants and will continue to purchase from Bluestone.,4
1,5,"Another awesome canvas! Very happy, I will continue ordering from iCanvas.",4
2,1,I have ordered two items from your company and I have not received one yet one was to come in 29 of dec and the other on the 6th of jan but nothing yet I am not happy with your service thank you I still have not gotten my items I am very disappointed with your shipping and service you have lost my trust.,-1
2,1,this website sucks,-1
2,1,"Thought I was buying s shrub. I get weeds in the mulch bed over night bigger than what arrived in the mail. 

The size is fine for flowers. But if you‚Äôre looking for a shrub you‚Äôre better off spending the same amount of money at a garden store not paying for shipping and getting a huge plan instead of the tiny little thing they send. Def will not shop here again for shrubs. Flowers prob wil",-1
2,1,"Worst customer service I've ever experienced. Staff were unwelcoming, unprofessional and unhelpful. When purchasing the sofa, they failed to mention the additional costs I've been charged for, such as the delivery and cleaning kit.
There wasn't a large collection of sofas on display either. I was told via the online chat that the sofas I wished to see would be on display at this store, but after travelling 3 hours to visit the store, this was not the case.",-1
2,1,"Ordered 3 seater sofa and 2 matching arm chairs with electric operated folding foot rests. Furniture delivered on Thursday 29 September. 
Using footrests over the weekend, found that footrests on both chairs touching carpet and not folding correctly and jamming. Went to dundee store on Monday morning to see store manager. Advised that store would need to send out repair engineer and that he would adjust the mechanism on both chairs. Also faulty USB port on one chair. Repair engineer came out on Friday 14 October. Advised there is no adjustment on the mechanism and they would need to be replaced. Not able to get accurate time scale. I will be going back to store to look for working replacements urgently. Very unhappy customer.",-1
2,1,"Scam I say no way not me senior citizen I may say : On September 12,  2024 I was pick up 11:30am  by a staff of Park Toyota dealership in deland fl. I thought I was going there to get myself a affordable car, being that I am a substitute teacher and I was in need of a use or new car, I was recommend to see Mr.S Lawson, so I thought I meet a red head who was pushing and rushing me to buy a car, I keep asking him to show me a white and small high lifted car, but he ignore my request, I got a my car loan of 20 thousands and I walk out with Chevrlote Trailbrazer that had a funny jerking sound coming from the motor, and it had a string of smell of cirgrette it was unbearable. I am not a smoker, I return that car in three days because the pastor who had recommend me , told to do so, I return and explain to the staff my concerns not only fo the condition of the car but the price tag, They le time know that they were willing to accommodate me, they would do they best to find me a affordable car. This was the problem the  car was 16 thousand and in five years I would pay 35 thousand, does that sound like a good deal for a use car and it had four owner. Then I was introduce to a black saleperson by the name of C.J who file not one car loan but six request of a car loan under my name and my credit score was in the 6 figure and it went down to 5 figure, so now I have a bad credit report that would even help me to buy myself a car or even rent a apartment . I can't believe how this dealership works, take me a senior citizen for a ride and then try to scam me , I had a very bad headache that day and I couldn't read my contractor for sure they were happy about that, but when my head clear, I was in shock to see 21.97 percent and some other fee . I couldn't believe it , I was hanging from a rope and didn't even notice it .Well when they give me the second saleperson he mention something about being black, but in my case that wasn't the reason, I didn't like the first sale person but because he was rushing me pushing me and coercing me to buy now. I was on the phone with Direct auto and the sale person had me for 45 minutes on the phone and then there was commotion during the deal. it just add up that this dealership has a habit of taking senior citizen for a ride to the hang me if you can scam. I couldn't believe the price I would have to pay for a use car, no! Now the ripple effect my sister who much lighter then me had gone there and got a small new small car, I am dark skin, could this be the reason I wasn't treated with respect and courtesy . The second saleperson mention the color of my skins was that concern when I have cousin who are lighter and red headed then the first rude saleperson.  I will never go alone to a dealership , next time I bring a person who know about car,  and this dealership must stop picking up senior citizen alone and not company with someone who can help them decide which kind of car they interested in, What a nightmare this had become, why I stated a ripple effect because my sis stop buying food for herself and her dogs. I was feeding her but I stop because it not fair that I pay all the bills of the house and she doesn't cook or clean, then she get a new car while I have no car. She was living off me, but I am putting a stop to it, getting burn on both side of the candle isn't funny at all. Life is a struggle and to have people trying to scam you out of your living income is unlawful and down right criminal if you ask me. ",-1
2,1,Plants arrived bone dry and had brown leaves,-1
2,1,Not accepted by finance.i cannot get my order delivered.,-1
2,1,"I was to the point of inputting my credit card and a message pops up and says ""something went wrong"" and deleted everything and my cart was empty. Extremely frustrating to have to start all over finding the items and everything",-1
2,1,Crashed many times,-1
2,2,"The environmental haul away option was very frustrating because there were two options for in-home delivery. Originally I selected the 2-day in home delivery which prompted the environmental haul options to select, but I inadvertently cleared out my cart and had to reselect everything. when I got to the shipping, there was another in-home delivery option for $10 cheaper which would delivery tomorrow so I selected that, however, I couldn't get the environmental haul options to populate again and couldn't figure out why so I cleared out again and tried a few more times only to realize that those options won't populate on the $109 in home delivery option. it only populates on the 119 in home delivery option. if the options include something different, then put that in the description of the item so we can tell which one has a haul option and which one doesn't so we don't waste our time fumbling around looking for that option. The only description difference was that one would deliver tomorrow, and one would deliver in two days.",0
2,2,This is the first time we've ordered plants online since there are several very fine nurseries close by.  But with covid we are trying to avoid in person shopping.  This first order has been a major disappointment.  $300 worth of plants barely filled a nursery flat.  The plants are tiny and some were in poor shape.  Hopefully they will thrive once planted.  We will not be making an online order again.,0
2,2,Make sure the bills can be viewed online,0
2,2,I called twice because my app can no longer lift my garage. The first time I was promised a call back that I never received and the second time the representative hung up on me while I was on hold and did not bother calling back though they had my number.,0
2,2,I was hoping the actual plants were bigger than they were. A couple of them have already died  I garden every year with hundreds of plants.  I add to my garden as I live on 1.5 acres of property.  The expectance of the plants verses the size of the biodegradable containers was disappointing.,0
2,2,"When I got a Gettington  catalog I thought the prices were pretty good . That WAS UNTIL I GOT AN ONLINE INVOICE. They had charged me for two futons (I only ordered one ), called the # in the catalog .Was not the number I needed to call to again cancel one of the futons. Also the catalog  stated on the cover that on the first order I was to get $ 25.00 off plus FREE shipping. I had to be connected to another person who then told me that the Futon was not included in this order because it had a ""handling charge"" of $178.00 dollars. So with the price of the futon being $139 and ""handling charges of 179.00"" I am paying more for the handling than the futon. This is ridiculous. plus I can't get an online receipt that says I canceled the futon Or the shipping charges on the other stuff . Now I have to try to get someone one line again that will not have to transfer me to two different places. I guess I was lucky that two out of three telephone contacts spoke English well enough to be understood. Nothing  against these agents but it's bad because of their accent you have to ask them to repeat every thing three or more times. The invoice that was sent on line was the first one that I called to change. I got a feeling that the total bill(the incorrect one) is going to be hard as heck to get it right or not at all possible I would never ever ever again purchase anything from this firm. I was also that 5 minutes after I called to get the order it might be already shipped. I called immediately after I ordered ,maybe 4 min. later.",0
2,2,Very difficult for disabled person to try to purchase from your store,0
2,2,The checkout process did not flow as designed. I had to re-enter the credit card information twice.,0
2,2,I had the sofa delivered to my daughters address.There was no customer care at all .No hello to my daughter it was as rushed job as they couldnt find parking.They forgot to put on a part that belongs to the sofa.And now she is waiting to have this put right. Shes paid for this delivery service is wasnt free.This is bad customer setvice.,0
2,2,Technician scheduler and customer service sucks,0
2,3,"The initial installation happened fast, however the job was incomplete and I‚Äôve had no luck getting anything subsequently accomplished.",1
2,3,"I made my choice based on free delivery.  This is my first order.  I still placed the order because I think I will love the item, but I think I will choose to spend my money elsewhere in the future.",1
2,3,"Initially all was great but, it has now been multiple weeks and I still don‚Äôt have all of my cameras or door lock",1
2,3,trying to order something for pick up took a act of congress to get thru. to many continue buttons to get the job done. what ever happened to i ordered this pu or del. payment info then review and order. its just that simple not all this technology that is not needed.,1
2,3,"I find the delivery charges ‚Ç¨99 too high, considering that the item wont be received until 5 weeks since I ordered it.",1
2,3,"Really enjoyed the showroom experience, being walked through the products and what would fit best with what we wanted was a refreshing experience and I was ready to leave a 5 star review. 

However, apon looking at my order confirmation; which I wasn't shown in store, I have seen I have also been sold a ¬£35 sofa care products I did not ask for, nor was asked I wanted. The salesman made a bit show of transparency and had another member of staff go through my order but while doing that he did not mention this additional product when reeling through my order. 

Feel a bit mis sold, and while yes it's ""only"" ¬£35 but I will also be complaining to the store.",1
2,3,"Three of the flowers had all dried leaves. Not sure they will ""Take in the garden."" Tried watering them but to no avail. The other plants - DIervilla Kodiak Red - arrived in good shape.",1
2,3,"site is ok, this one product is worse than using old dial up. computer is that slow and hard to use",1
2,3,I was not given all of the information when I set up the install. I did not know the contract info. I also thought that going with a professional company that I wouldn't have wire running down my wall. ,1
2,3,The quality of the canvas was nice but it wasn‚Äôt centered and I had to have it restretchef.,1
2,4,"There were very few assistants available when I wanted to order my sofa. One person was talking with customers, one was talking on their phone and the other person sat in the office. I eventually was able to get someone to help me but I was made to feel that they didn't want me to make the purchase. They said they would give me the details of the order, then I could go home and order it online. I could also look for a code to get the delivery cheaper. Overall mot a great experience.",2
2,4,So friendly guy but didnt explain additional costs - then wrong colour ordered  - got sorted eventually i hope!!!,2
2,4,A great experience,2
2,4,Bluestone always gives great service.  My shipment arrived in poor condition.  The box had been crushed.  Due to Bluestone‚Äôs excellent packaging only one of the plants was damaged.  I called them and they are sending a replacement.  I appreciate their great customer service.,2
2,4,Good service,2
2,4,The quality and condition of the plants were pitiful on arrival,2
2,4,"Jemima, who works part time appeared to be the only employee with initiative.",2
2,4,Rushed the install never took old equipment down,2
2,4,Great service Super choice of products. Shirley Durn was brilliant,2
2,4,"The plant came in fairly good condition, but i thought $24.00 was pretty steep for what i got.",2
2,5,"I was contact the day of delivery, and was given accurate timeframes on delivery time. The customer service was amazing!",3
2,5,"The salesman was very friendly and helpful , explained clearly  everything about the products .
We are so grateful for the service.",3
2,5,"Very good service, gave all options and every questioned asked was answered clearly and concisely, MOS I spoke to name is Imran. Very knowledgable & informative. Thank You.",3
2,5,"Excellent service from start to finish.
Left alone to look around allowing us to take our time.  Waited for us to approach them.",3
2,5,Always a pleasure,3
3,1,"I was not informed that my delivery would only be partially delivered. I ordered a sofa and a TV unit, and received an email confirming delivery today (19/11/24) plus subsequent emails saying to make sure there was enough space. We moved the old sofa bed upstairs, and when the delivery arrived, no sofa. When I checked the tracking on the website, I found out that I‚Äôm not getting it until after 29/01/25. Which means the old sofa bed now has to come back downstairs. Not Happy",-2
3,1,I tried to order for almost three hours before it accepted my purchase,-2
3,1,"Horrible store experience, had to pay $50 to place online, and seems to be only store this weekend not doing a deal on these sets.",-2
3,1,Not getting the furniture not able to get the credit,-2
3,1,Stop sending out discontinued items,-2
3,1,"Dishonest about contract and customer perks, very shady and need a lawyer to read any upgrade or contract you sign .",-2
3,1,"¬£96 for eaziglide, daylight robbery . You should be ashamed",-2
3,1,"I had 2 issues when I received my order.  When I opened the box, I found that it had been packaged upsidedown, even though the box was clearly marked ""This Side Up"" which resulted in a lot of the soil in the plant's pots had fallen out during shipping!   My other problem was that I had ordered 19 plants, but only received 15!   No notice of a partial shipment.  So I called and cancelled the order for the missing 4.  I'm done with this nonsense.",-2
3,1,This site sucks,-2
3,1,"I learned that NFM will cancel your account for lack
of use even though I have been a member since 1989",-2
3,2,"The salesperson was very nice, but I was given the incorrect shipping price and also given the incorrect delivery date.  I asked for them to address this issue as the entire purchase was more than initially relayed to me.  They did not address it and were not helpful with those issues.  I liked the couch so bought it but I will think twice about shopping at this place again give those issues.",-1
3,2,"The system is fine. The customer support is horrible. You never get the same answer twice, the transfer process to a new owner of the home is a joke, and their responses make no sense. I was charged for another month of monitoring, despite not having access to my account because the transfer was already completed? Our experience since we got the system is that the equipment is fine but their support team is awful.",-1
3,2,I like the furniture. I have many pieces but have had terrible delivery every time.,-1
3,2,never seem to get free shipping. is that a scam?,-1
3,2,"We where welcomed into the showroom and given space to look around without feeling pressured into buying. When we decided on a sofa we wanted, the salesman where very approachable and chatty. 

Getting the finace agreement he Never confirmed (my) name when getting finance arranged(just assumed it was the same as my email address) therefore the wrong name given to finance company, I was never given any terms & conditions to sign but was told I would receive by email within 30mins of leaving shop.

I have spent most of my afternoon on the phone to DFS and the finance company trying to explain what a shambles of an experience we have had just because the man assumed my name was the same as my email address when it was not. Therefore the finance was unable to be accepted because there was no one with that name. Had the salesman been more thorough and done his job properly this was not have happened.",-1
3,2,not really impressed with cite once you check out a product it and go back it takes you  Back to the beginning so it takes too long to look for things,-1
3,2,The app is terrible and seems like anytime I actually need to use it it is unavailable. Cameras don‚Äôt have great low light visibility.,-1
3,2,Just received my plants and they were in pretty rough shape. Reserving judgement until they have a chance to recover,-1
3,2,The website is so slow!!,-1
3,2,"Do not like the price. The price kept going up for different ""promotional"" products. I like the cameras; however, you can buy them on Amazon for cheaper. ",-1
3,3,"SINCE MY ORDER WAS NOT DURING A FREE FREIGHT PERIOD & I HAD TO PAY FREIGHT, I CHOSE STANDARD DELIVERY & EVERYTHING SHOWED IN STOCK. THE 1ST PART OF THE ORDER SHIPPED 9/1 WITH AN ETA OF 9/5 -ACCEPTABLE. THE 2ND HALF SHIPPED 9/2 WITH AN ETA OF 9/14- TOTALLY UNACEPTABLE & RIDICULOUS SINCE IT IS COMING FROM KENTUCKY.",0
3,3,Didn't like that there's no way to cancel purchase within 24hr.time frame & then takes too long to receive purchase,0
3,3,Delivery charges are very high!,0
3,3,"When the billing address is different than the shipping address, the user interface is not intuitive on needing to hit update first then continue. Thanks!",0
3,3,"Convenient, yes. Not the same as in person sales experience. And not available to measure or offer dimensions.",0
3,3,"Website is easy to use, however round and smaller sized rug do not render correctly in the room visualizer. They display very small and are not able to be resized.  
Also, coupon code presented during use of room visualizer for 50% off MSRP was not accepted at checkout. ",0
3,3,"The staff in store were amazing, really friendly, knowledgeable and not too pushy. My only gripe is the website - I found it very slow and difficult to update. I wish I'd have gone back to the store to order but I just didn't have the time",0
3,3,Deliver  drivers where nice. But they did not have the slats for my new bed frame. Could not get them delivered the same day. Had to wait till the next day to get them delivered.,0
3,3,So far so good until I couldn‚Äôt open my document which was sent to sign it need to contact dfs. Will review again when and if my sofa arrives on time üòÅ,0
3,3,"I wasn‚Äôt expecting such young plants/shoots, the picture on the website depicted more mature plants.  Also, I had to remind the company of their delivery promise on the 27th March as I did not hear back.",0
3,4,"The date and time on the panel is incorrect. Otherwise the work was as expected and satisfactory.
The light on the garage is very good however it stays on night and day. Is this normal?",1
3,4,"Love the furniture, prices are a little steep and delivery charges are high.",1
3,4,Staff very attentive and helpful. Sofa looks great and we bought it but I think it‚Äôs a tad misleading to put price tags on sofas that are actually more expensive based on which fabric you choose. Lastly I think a ¬£90 delivery charge is steep especially when competitors can do it for ¬£30!,1
3,4,They were cordial and helpful. Good experience.,1
3,4,"I requested a call back in order to order a sofa. The call back did come, my questions were dealt with in a friendly and professional manner and I was able to place my order. My only reservation I have is that the call back didn't come until 9.30 at night. In my opinion this is not an appropriate time of day to be starting a business call.",1
3,4,"Great system overall! 
When I do have an issue with my system...customer service handles the issue with no problem and makes sure I'm satisfied. Gotta love it! 
Thanks Vivint!",1
3,4,The staff are friendly and approachable. They are very helpful as well. The only thing is that it takes  6-8 weeks waiting time for the furniture to arrive. So I‚Äôm still waiting hopefully they will come early tho. ,1
3,4,Very good still waiting to hear back excited about my new sofa,1
3,4,Delivery/set up fee was a big surprise at check-out,1
3,4,"I like shopping on gettington, but with almost every order I make there is one or two things that are on back order. There is a lot of products available so it is nice having a wide choice of variety.",1
3,5,Great customer service called on time and help and advice was given which resulted in a purchase.,2
3,5,Very easy to order on line and view what I wanted,2
3,5,Great AWESOME FRIENDLY,2
3,5,"Jason Nutley was the salesman we interacted with, he was friendly understanding and explained all options open to us he was also very professional and explained all the ways DFS try to ensure your customers are looked after 10 out of 10",2
3,5,"everything was fast and easy great customer service  very kind and patient  very respectful when it come to my order I had great saving for the holiday 
                    yes I will recommend  friends and family's member to Gettington.com",2
3,5,Very beautiful and exactly what I expected!,2
3,5,"Purchased my items on-line,great customer service. ",2
3,5,"Carlos has come to my home several times. He is VERY professional, pleasant and thorough. He tries his best to locate and resolve the issues",2
4,1,Explanations of size not good and plants were not good shape and they charged shipping. I will never order from here again ,-3
4,1,"I had this system installed about 45 days ago. And it's never worked. The alarm part works, but at least five cameras are out at any given time. I have done all of their reset procedures, and they refuse to send out a technician unless I pay for it. Absolutely the worst service ever.

UPDATE: I have been contacted and they are coming out to take a look. I will update as this progresses.

Update 2: The installer showed up and fixed one camera as the other 2 had started working on their own after 10+ days of not working. He also moved a motion sensor that was blocked by a shelf... to another room that already has a sensor. All this was done while I was on my way home to let them know about the other 2 cameras. They said they would wait at 1:33 pm. I was 15 mins away. They left at 1:44. So now my dining room has 2 motion detectors, and my living room has none. I just want to be done with this company.

Update 3: All is well. Everything works and Vivint has made it all right. I do wish it was easier to get this done, but in the end I am ok.",-3
4,1,Didn‚Äôt get email due to misspelled email address,-3
4,1,Costly last minute cancellation of install. Crazy how they wouldn‚Äôt give us first appointment. Didn‚Äôt care we had flown someone to be there for install. Cost us lots of money and last minute cancellation!,-3
4,1,Give it a shot!!!!,-3
4,1,im signed in and I keep receiving pop ups about creating an account. stop please.,-3
4,1,Purchased a cabinet for dishes that was on clearance. You refused to deliver. I was not told of this until the very end of my search. Very disappointed in your policies. Room One  needs to rethink this policy.,-3
4,1,Been over a week and job not yet complete,-3
4,1,"after I could not get discount on line, I place order on line. I also requested to have one item sent with two day shipping and it never happen",-3
4,1,They sold me my sofa!,-3
4,2,System continually told my by billing address did not match even though its the address defaulted by the site. I would have used my NFM card if the above had worked but got annoyed and used another card,-2
4,2,Very disappointed with the the excessive delivery Charge ¬£129,-2
4,2,Not able to purchase insurance for my order,-2
4,2,There was no price match option during checkout or any information referring to it with options.,-2
4,2,"shipping was perfect, but the plants in coir pots are a year too small. Not prospering since planted",-2
4,2,"They shouldn't charge for the delivery , especially when spend so much money ",-2
4,2,You are a whole company does not communicate amongst each other it‚Äôs like they work the shells not with each other I have requested that you guys start working together to keep you company number one instead of down at the bottom too many people have told me that Vivint is not that good I think you can do better I believe in your company do you need to get the opinions of the people back Together before it‚Äôs too late,-2
4,2,"I‚Äôve only had this system for a few days, and am still learning it. I have noticed one thing that doesn‚Äôt make sense to me.  Every time I open a door, a monotone voice states this.  The voice comes from the control panel at the kitchen/garage door, and can‚Äôt be readily heard in the living area where I am 90% of the time.  It wouldn‚Äôt be much help with an intruder, so all it really does is annoy me whenever I open a door.  Is there a way to turn this off?",-2
4,2,Your website runs quite slowly,-2
4,2,"the website was too slow, it took too long to process each step when browsing and final steps to checkout.",-2
4,3,Customer service ,-1
4,3,"They make good quality products and ship them quickly. My problem is That they do not  protect the art well in transit. There was a hole in the box my art was packed in and it opened directly onto the art. Luckily, my picture wasn‚Äôt damaged but it easily could have been. 

To reiterate - art = great. Packing = needs improvement.",-1
4,3,"Our delivery was fine, however the ‚Äúwedge‚Äù piece has built in lights that were just hanging off the piece.  Driver called it in and set up a service call to have the lights re glued to the wedge. After the drivers left, I was able to sit and test out our new furniture.  Our recliner came in two pieces and was put together here.  The back piece is very crooked so when it reclines it is very awkward and hits both of our backs because how bad it leans to one side.  I called to have the recliner added to the service order for when they are here fixing the lights.  There are also several deep scuffs in the faux leather the service tech will need to address too.  We‚Äôll see if they make this right.

Edit.  2/24/24
Recliner and wedge were both replaced.  Delivery drivers, sales and Management (Dale) were all very nice to deal with. No hassle what so ever.  Very happy with our purchase and for the way our concerns were handled. Definitely would recommend to family and friends.  ",-1
4,3,"Great products, however there is sometimes delayed in the videos when outside of the house. I wish they can offer more incentives to buyout other company‚Äôs contracts, I‚Äôm still paying for ADTs equipment plus paying Vivint and it‚Äôs hurting my pocket. ",-1
4,3,Over all positive experience.  Ordering a little confusing,-1
4,3,"Of the 15 plants I got, 3 were not heathy looking. These were the Cornus Arctic Fire, not worth the price charged. All others were satisfactory",-1
4,3,The gentlemen who delivered my bed did not put my headboard on as they were supposed to. But The Room Place (the salesman actually) worked very hard to get the matter straightened out!!,-1
4,3,The experience was great but 79.00 to deliver one mattress was just to expensive.,-1
4,3,"Mo in the Colchester branch was a nice guy and explained well. 
It adds up quick though so price of sofa isn‚Äôt really the price of the sofa. Bough same sofa and extras for about ¬£600 cheaper. It wasn‚Äôt in an offer last year either. ",-1
4,3,"It wasn't as straight forward as other shopping apps. I still prefer in person shopping for some items.
",-1
4,4,Everything was great except for the delivery times being so late.,0
4,4,"Prices are a little high, but being able to have a credit line for the holidays is a huge help for me.  Most items are good quality, have gotten a few things that were not near as good of quality, especially for the price.  Overall experience is good.  I am in the process of returning a couple of items, hoping that experience goes well.",0
4,4,The experience was good,0
4,4,"The salesperson was great, very helpful, patient and knowledgeable. The show roon was spacious and had a decent selection. There was a hiccup but it got worked out, Roomplace fix that. The delivery guys were super fast, do something with your app. Everything else was great.",0
4,4,Although the service and the expedition of the purchase was fantastic. I was surprised no where could I find a place to leave a greeting as a gift to my father. Other than that great job,0
4,4,"Overall it was a good experience.  Staff who attended me on this and the previous week were friendly, helpful, and well-informed.  Website also well set out.",0
4,4,Terrific Experience,0
4,4,Very good service!,0
4,4,helpful and friendly staff made all the difference,0
4,4,Excellent selection in all categories and good customer service.  was having trouble using a first time customer code but it was taken care of quickly and I was able to place my order...,0
4,5,Great customer service. The installer was a perfect gentleman. Thank you so much..,1
4,5,Great service all questions answered in timely manner. Max was very patient and understanding,1
4,5,"Great selection, extensive showroom",1
4,5,Already knew the items I wanted - put them in the cart and paid - EASY,1
4,5,Ron was a great sales professional and made the transaction easy over the phone. I'm excited to get my new bedroom furniture. ,1
4,5,Vivint provides me the comfort I need to feel safe when I am at home or away. Response time is great and it is definitely worth the money,1
4,5,The young gentleman that came out was very helpful and explained everything well.,1
4,5,You order stuff one day and in a few days product is at your door! I love that!,1
4,5,Great experience always on time,1
4,5,The most amazing and professional salesman named Frantz Morgan! 5-star service and product expertise. ,1
5,1,"I am so regretful to do business with your company. Don‚Äôt ever try to cheat and ripping off the customers anymore, I am totally disappointed with your company.!!!",-4
5,1,"We changed Home Security Providers because the BIG national brand:
1. did not arrive for service appointments on the days scheduled
2. did not inform me their service tech communication system was down and did not let me  know - even though they knew. I was informed at the end of the traditional business day. They informed me I had to call them back to reschedule within 24 hours
3. required that I sign a service contract and pay a deposit before they would confirm service appointments.
4. raised monthly fees our obsolete monitoring equipment every chance they could
5. offered no discounts for all of the lost work times when the service team did not arrive for scheduled and ""confirmed"" appointments. 

So, far Vivint has done everything right for the acquisition, installment, and payment of our new Vivint system.  ",-4
5,2,All I accepted was a Vivint sign for my frint urd. ,-3
5,2,No thanks. I really don't want to.,-3
5,2,My wife still has not been able to access the system on her phone.,-3
5,2,"Lady on a phone was nice 
Very annoyed your prices don‚Äôt include delivery , seems a dishonest and false way of pricing a product ",-3
5,2,The color combination was different then what I saw elsewhere.,-3
5,2,The order came in practically dead but after I contacted Customer Service they sent out a replacement right away. Thank you for your expeditious reply!,-3
5,2,"Me and my wife have been searching for this dining set everywhere and had no Hope. Thanks to Rooms to Go online we found it, purchased it and now just waiting to receive. Thanks Rooms to go",-3
5,2,Always checking in on my account ,-3
5,2,From my first experience forward I‚Äôve only positive interactions with staff. ,-3
5,2,My Experience With The Room Place The Sales Men Is Very Tentative I Never Left The Room Place  Without Unanswered Questions They Go Above And Beyond ,-3
5,3,"We've never had any issues with on-line ordering, tracking & delivery. No items have ever arrived with damage(s).",-2
5,3,"The above and beyond service provided while I battled several last minute hurdles with closing doesn't go unnoticed. 
The technician who did the install was subject to less than favorable weather conditions yet performance was top notch. Not once did he complain and the install was completed up and running in no time. ",-2
5,3,"It took quit awhile to to receive, I wish it had a dolor light attached ",-2
5,3,"Had to repot the plants, i assume they were rattled in the shipping process.  I don't know one plant from the other and am hoping they will survive, they were not in good shape.

10-15-24 -- After letting you know what awful condition the packaged arrived, unbeknown to me, the order was repeated and arrived in good shape.  Not paying the best of attention to the !00% guarantee at the bottom of the page, I realize that event though I did not make the request, Blue Stone Perennials made it good.  So appreciative.
",-2
5,3,Online shopping was a breeze,-2
5,3,"Wonderful people that helped. Love the location in Gurnee Illinois. Very, very sad, they are closing their doors. They have beautiful furniture and more. Wishing them all the best. ",-2
5,3,Everything ,-2
5,3,"Been with Vivint for YEARS. So far, they have not let us down. ",-2
5,3,Everything,-2
5,3,Called to reset panel ,-2
5,4,it‚Äôs like the most slick system i had in the home ,-1
5,4,I took a sunrise photo with an iPhone and had it made into an 18 x 26 picture very happy with the results and quick service,-1
5,4,I would recommend this company to everyone  I know,-1
5,4,Great experience furniture beautiful Great service ,-1
5,4,"First and formost i was running late and the gentleman gladly waited for me, the intructions were a little challenging, but finally got it, overall it was a pretty good experience.",-1
5,4,Great experience!!  Thank you!!,-1
5,4,It was an easy way to purchase through the website!,-1
5,4,"Flo the assistant was very polite and covered all the points required.He was very informative and answered any questions we had.
Double checked every thing 10 out of 10 for service",-1
5,4,Great online experience ,-1
5,4,Good good good good good good good good good ,-1
5,5,Love business with you!,0
5,5,The technician was very knowledgable and friendly and explained everything in detail.,0
5,5,"I had a bunch of Vivent products installed and I couldn‚Äôt be happier! My installer Michael Colon was very professional and he explained everything to me. On how to set alarms, codes, etc. And what to do incase of an emergency, some really good life saving tips. And the ease of how to use these products and how safe I feel in my own home, is a wonderful feeling! I would highly recommend Vivent to anyone and everyone! ",0
5,5,the salesman and the service were excellent.,0
5,5,Crix was PHENOMENAL.  He made me feel comfortable in my purchase.  He walked me through every step and offered excellent customer service.  ,0
5,5,A gentleman who installed the equipment was extremely professional and explained everything very well his name is Levi,0
5,5,Excellent shopping experience ,0
5,5,"Orders come in a timely way, with top notch quality.  You are so reliable!  A pleasure doing business with you!",0
5,5,"Beautiful, well-packaged plants and so easy to get into the perennial bed.",0
5,5,"Upon arriving, I was greeted by two employees then I was helped by Shanita. She was lovely and extremely helpful. She was patient with me very thorough and honest. Shanita went above and beyond to accommodate me with my concerns and my questions. Thank You you are such a darling !",0
